,cosine,euclidean,jaccard
SSE,48545.67333930831,198075.17946667777,54372.86297244282
