,cosine,euclidean,jaccard
Accuracy Score,0.054918207,0.053271723,0.039143828
