,euclidean,cosine,jaccard
SSE,174645.7055,21620.50282,27684.23171
